{"cameraMode":{"drawMode":0,"name":"Shaded","section":"Shading Mode"},"sceneLighting":false,"audioPlay":false,"sceneViewState":{"showFog":false,"showMaterialUpdate":false,"showSkybox":false,"showFlares":false,"showImageEffects":false,"showParticleSystems":false},"in2DMode":false,"pivot":{"x":-2.692363739013672,"y":0.8937418460845947,"z":1.4633376598358155},"rotation":{"x":0.06925706565380097,"y":-0.000004170035936112981,"z":0.00001026008976623416,"w":0.9976254105567932},"size":4.385676860809326,"orthographic":false}