{"cameraMode":{"drawMode":0,"name":"Shaded","section":"Shading Mode"},"sceneLighting":false,"audioPlay":false,"sceneViewState":{"showFog":true,"showMaterialUpdate":true,"showSkybox":true,"showFlares":true,"showImageEffects":true,"showParticleSystems":true},"in2DMode":false,"pivot":{"x":-6.819821357727051,"y":12.376483917236329,"z":-0.7777547836303711},"rotation":{"x":-0.22921134531497956,"y":0.3715149760246277,"z":-0.0951845794916153,"w":-0.8946430087089539},"size":15.59384536743164,"orthographic":false}