{"cameraMode":{"drawMode":0,"name":"Shaded","section":"Shading Mode"},"sceneLighting":false,"audioPlay":false,"sceneViewState":{"showFog":true,"showMaterialUpdate":true,"showSkybox":true,"showFlares":true,"showImageEffects":true,"showParticleSystems":true},"in2DMode":false,"pivot":{"x":-48.012657165527347,"y":-3.2416000366210939,"z":41.518245697021487},"rotation":{"x":-0.17011892795562745,"y":0.287138432264328,"z":-0.051898565143346789,"w":-0.9412355422973633},"size":49.90131759643555,"orthographic":false}