{"cameraMode":{"drawMode":0,"name":"Shaded","section":"Shading Mode"},"sceneLighting":false,"audioPlay":false,"sceneViewState":{"showFog":true,"showMaterialUpdate":true,"showSkybox":true,"showFlares":true,"showImageEffects":true,"showParticleSystems":true},"in2DMode":false,"pivot":{"x":-0.471041202545166,"y":1.6866893768310547,"z":-4.038553237915039},"rotation":{"x":-0.02576931193470955,"y":0.9718087315559387,"z":-0.19680282473564149,"w":-0.1272485852241516},"size":13.4987211227417,"orthographic":false}