{"cameraMode":{"drawMode":0,"name":"Shaded","section":"Shading Mode"},"sceneLighting":false,"audioPlay":false,"sceneViewState":{"showFog":true,"showMaterialUpdate":true,"showSkybox":true,"showFlares":true,"showImageEffects":true,"showParticleSystems":true},"in2DMode":false,"pivot":{"x":1.6261215209960938,"y":19.611669540405275,"z":17.532251358032228},"rotation":{"x":-0.17011892795562745,"y":0.287138432264328,"z":-0.051898565143346789,"w":-0.9412355422973633},"size":4.363919734954834,"orthographic":false}