{"cameraMode":{"drawMode":0,"name":"Shaded","section":"Shading Mode"},"sceneLighting":false,"audioPlay":false,"sceneViewState":{"showFog":true,"showMaterialUpdate":true,"showSkybox":true,"showFlares":true,"showImageEffects":true,"showParticleSystems":true},"in2DMode":false,"pivot":{"x":1.190493106842041,"y":-0.28923702239990237,"z":0.1226806640625},"rotation":{"x":0.13414189219474793,"y":0.8133518695831299,"z":-0.20708486437797547,"w":0.5268589854240418},"size":3.7616946697235109,"orthographic":false}