{"cameraMode":{"drawMode":0,"name":"Shaded","section":"Shading Mode"},"sceneLighting":false,"audioPlay":false,"sceneViewState":{"showFog":true,"showMaterialUpdate":false,"showSkybox":false,"showFlares":true,"showImageEffects":true,"showParticleSystems":true},"in2DMode":false,"pivot":{"x":-21.600000381469728,"y":2.1700000762939455,"z":12.40999984741211},"rotation":{"x":0.029720976948738099,"y":0.7111342549324036,"z":-0.030096283182501794,"w":0.701810896396637},"size":0.2857871949672699,"orthographic":false}